"Компанія-отримувач","Recipient company"
"Ідентифікатор компанії Portmone, на яку надходить оплата за цей товар. Якщо не заповнено, оплата надходить на основну компанію.","Portmone company identifier that receives payment for this product. If not specified, payment is sent to the main company."
"Portmone","Portmone"
"Включити оплату через Portmone","Enable Portmone payments"
"Назва способу оплати","Payment Method Title"
"Ідентифікатор магазину в системі Portmone(Payee ID) *","Store ID in Portmone (Payee ID) *"
"Логін Інтернет-магазину в системі Portmone *","Online Store Login in Portmone *"
"Пароль Інтернет-магазину в системі Portmone *","Online Store Password in Portmone *"
"Ключ компанії, наданий менеджером Portmone.com *","Company Key provided by Portmone.com manager *"
"Обмеження часу життя рахунки на оплату","Payment Invoice Lifetime"
"Встановлює інтервал, протягом якого замовлення може бути оплачене. Заповнюється в секундах","Specifies the period during which the order can be paid. Enter the value in seconds."
"Режим преавторизації","Preauthorization Mode"
"Ознака преавторизації платежу (значення ""Yes"" вказує на те, що ця оплата здійснюється з використанням процедури преавторизації, значення ""No"" – звичайна оплата без преавторизації). Попередня авторизація (преавторизація) – блокування коштів на Картці користувача без фактичного фінансового списання коштів з рахунку Клієнта.","Indicates whether the payment uses the preauthorization procedure. ""Yes"" means that the payment is preauthorized, while ""No"" means a regular payment without preauthorization. Preauthorization is the blocking of funds on the customer's card without an actual financial charge."
"Режим оплати","Payment Mode"
"Виберіть спосіб відображення платіжної форми.","Select how the payment form should be displayed."
"Перенаправлення на сторінку Portmone","Redirect to Portmone"
"Платіжна форма на сайті (фрейм)","Payment form on the website (iframe)"
"Apple Pay - назва мерчанта (appleMerchantName)","Apple Pay - Merchant Name (appleMerchantName)"
"Значення з вашого акаунту Apple Developer. Якщо не заповнено, кнопка Apple Pay у фреймі не відображається.","Value from your Apple Developer account. If not specified, the Apple Pay button will not be displayed in the iframe."
"Apple Pay - підпис мерчанта (appleMerchantLabel)","Apple Pay - Merchant Label (appleMerchantLabel)"
"Назва, яку клієнт бачить у вікні підтвердження оплати Apple Pay.","Name displayed to the customer in the Apple Pay payment confirmation window."
"Payment Mode","Payment Mode"
"Redirect to Portmone","Redirect to Portmone"
"Payment form on the website (iframe)","Payment form on the website (iframe)"
"Select how the payment form should be displayed.","Select how the payment form should be displayed."
"Redirect to Portmone: The customer is redirected to the Portmone payment page and returns to the website after payment. Google Pay and Apple Pay work without additional configuration.","Redirect to Portmone: The customer is redirected to the Portmone payment page and returns to the website after payment. Google Pay and Apple Pay work without additional configuration."
"Payment form on the website (iframe): Payment is processed in an iframe on the checkout page without redirecting to the Portmone website. To use Apple Pay, you need your own Apple Developer account, certificates, and domain verification. Instructions: <a href=""https://docs.portmone.com.ua/docs/en/PaymentGatewayEng#342-payment-in-an-embedded-frame-ifram"" target=""_blank"">Portmone documentation, section 3.4.2</a>.","Payment form on the website (iframe): Payment is processed in an iframe on the checkout page without redirecting to the Portmone website. To use Apple Pay, you need your own Apple Developer account, certificates, and domain verification. Instructions: <a href=""https://docs.portmone.com.ua/docs/en/PaymentGatewayEng#342-payment-in-an-embedded-frame-ifram"" target=""_blank"">Portmone documentation, section 3.4.2</a>."
"Розтермінування","Installment"
"Додає в оформлення замовлення окремий спосіб оплати в розстрочку.","Adds a separate installment payment method to the checkout."
"Назва способу оплати для розтермінування","Payment method name for installment"
"Назва, яку клієнт бачить у списку способів оплати.","The name displayed to the customer in the list of payment methods."
"Ідентифікатор компанії для розтермінування (payeeId)","Company identifier for installment payments (payeeId)"
"Компанія, на яку надходять платежі в розтермінування. Може відрізнятись від основної компанії мерчанта. Отримується у Portmone.","The company receiving installment payments. It may differ from the merchant's main company. Obtained from Portmone."
"Логін компанії для розтермінування","Company login for installment payments"
"Використовується для формування підпису запиту та для отримання статусу оплати.","Used to generate the request signature and to retrieve the payment status."
"Пароль компанії для розтермінування","Company password for installment payments"
"Використовується для отримання статусу оплати.","Used to retrieve the payment status."
"Ключ компанії для розтермінування","Company key for installment payments"
"Використовується для формування підпису запиту. Отримується у Portmone.","Used to generate the request signature. Obtained from Portmone."
"Мінімальна сума замовлення","Minimum order amount"
"Якщо сума замовлення менша за вказану, розтермінування не відображається. 0 означає без обмежень.","If the order amount is less than the specified amount, installment payment is not displayed. 0 means no limit."
"Це поле є обов’язковим, якщо увімкнено розтермінування.","This field is required when installment is enabled."
"Це поле має бути порожнім, якщо увімкнено розтермінування.","This field must be empty when installment is enabled."
"Це поле є обов’язковим, якщо увімкнено розтермінування.","This field is required when installment payments are enabled."
"Це поле має бути порожнім, якщо увімкнено розтермінування.","This field must be empty when installment payments are enabled."
"Оберіть банки, які будуть доступні клієнту на платіжній формі.","Select the banks that will be available to the customer on the payment form."
"Максимальна кількість місяців, доступна клієнту для цього банку.","Maximum number of months available to the customer for this bank."
"Банки-партнери","Partner banks"
"Стилізація платіжної кнопки","Payment button styling"
"Дозволяє налаштувати зовнішній вигляд кнопки оплати. Якщо вимкнено, застосовується стиль теми магазину.","Allows you to customize the appearance of the payment button. If disabled, the store theme style is used."
"Колір кнопки","Button color"
"Наприклад: #1976d2","Example: #1976d2"
"Колір тексту","Text color"
"Наприклад: #ffffff","Example: #ffffff"
"Висота","Height"
"Наприклад: 40px","Example: 40px"
"Ширина","Width"
"Наприклад: 150px","Example: 150px"
"Шрифт","Font"
"Наприклад: Open Sans","Example: Open Sans"
"Розмір шрифту","Font size"
"Наприклад: 14px","Example: 14px"
"Відступи","Padding"
"Наприклад: 5px","Example: 5px"
"Рамка","Border"
"Наприклад: 1px solid grey","Example: 1px solid grey"
"Заокруглення кутів","Border radius"
"Наприклад: 4px","Example: 4px"
"Розщеплення платежу","Payment splitting"
"Розподіляє суму замовлення між компаніями-отримувачами, вказаними в картках товарів.","Distributes the order amount between the recipient companies specified in the product cards."
"Основні налаштування","Basic settings"
"Спосіб відображення платіжної форми","Payment form display method"
"Опис платежу","Order description"
"Опис платежу (призначення оплати). Максимальна кількість символів — 250. Якщо вказати %order_number, його буде замінено на реальний номер замовлення.","Payment description (payment purpose). Maximum number of characters is 250. If you specify %order_number, it will be replaced with the actual order number."
"Оплатити через Portmone","Pay via Portmone"
"Оплатити через Portmone (Розтермінування)","Pay via Portmone (Installment)"
"Режим тестування","Testing mode"
"У режимі тест у систему портмоне передається номер замовлення (shopOrderNumber) як конкотенація рядків номер замовлення у системі партнера, символ _ , позначка часу","In test mode, the order number (shopOrderNumber) is transferred to the wallet system as a concatenation of the strings order number in the partner system, the symbol _ , and a timestamp"
"Не вдалося підготувати оплату через Portmone.","Unable to prepare payment via Portmone."
"Не вдалося отримати дані для оплати через Portmone.","Unable to obtain payment details via Portmone."
"Назва кнопки для оплати","Payment button name"
"Задає текст для кнопки дії на чекауті. Наприклад: ""Оформити"".","Sets the text for the checkout action button. For example: ""Checkout""."
"Оформити","Checkout"
"Назва кнопки для розтермінування","Name of the button for rescheduling"
"Задає текст для другої кнопки дії на чекауті. Наприклад: ""Оформити розтермінування"".","Sets the text for the second action button at checkout. For example: ""Checkout installment""."
"Оформити розтермінування","Checkout installment"
"Некорректный идентификатор заказа.","Incorrect order identifier."
"Некорректный тип платежа.","Incorrect payment type."
"Сума замовлення має бути більшою ""%1"".","Order amount must be greater than ""%1""."










