"Компанія-отримувач","Компанія-отримувач"
"Ідентифікатор компанії Portmone, на яку надходить оплата за цей товар. Якщо не заповнено, оплата надходить на основну компанію.","Ідентифікатор компанії Portmone, на яку надходить оплата за цей товар. Якщо не заповнено, оплата надходить на основну компанію."
"Portmone","Portmone"
"Включити оплату через Portmone","Включити оплату через Portmone"
"Назва способу оплати","Назва способу оплати"
"Ідентифікатор магазину в системі Portmone(Payee ID) *","Ідентифікатор магазину в системі Portmone(Payee ID) *"
"Логін Інтернет-магазину в системі Portmone *","Логін Інтернет-магазину в системі Portmone *"
"Пароль Інтернет-магазину в системі Portmone *","Пароль Інтернет-магазину в системі Portmone *"
"Ключ компанії, наданий менеджером Portmone.com *","Ключ компанії, наданий менеджером Portmone.com *"
"Обмеження часу життя рахунки на оплату","Обмеження часу життя рахунки на оплату"
"Встановлює інтервал, протягом якого замовлення може бути оплачене. Заповнюється в секундах","Встановлює інтервал, протягом якого замовлення може бути оплачене. Заповнюється в секундах"
"Режим преавторизації","Режим преавторизації"
"Ознака преавторизації платежу (значення""Yes"" вказує на те, що ця оплата здійснюється з використанням процедури преавторизації, значення ""No"" – звичайна оплата без преавторизації). Попередня авторизація (преавторизація) – блокування коштів на Картці користувача без фактичного фінансового списання коштів з рахунку Клієнта.","Ознака преавторизації платежу (значення ""Yes"" вказує на те, що ця оплата здійснюється з використанням процедури преавторизації, значення ""No"" – звичайна оплата без преавторизації). Попередня авторизація (преавторизація) – блокування коштів на Картці користувача без фактичного фінансового списання коштів з рахунку Клієнта."
"Режим оплати","Режим оплати"
"Виберіть спосіб відображення платіжної форми.","Виберіть спосіб відображення платіжної форми."
"Перенаправлення на сторінку Portmone","Перенаправлення на сторінку Portmone"
"Платіжна форма на сайті (фрейм)","Платіжна форма на сайті (фрейм)"
"Apple Pay - назва мерчанта (appleMerchantName)","Apple Pay - назва мерчанта (appleMerchantName)"
"Значення з вашого акаунту Apple Developer. Якщо не заповнено, кнопка Apple Pay у фреймі не відображається.","Значення з вашого акаунту Apple Developer. Якщо не заповнено, кнопка Apple Pay у фреймі не відображається."
"Apple Pay - підпис мерчанта (appleMerchantLabel)","Apple Pay - підпис мерчанта (appleMerchantLabel)"
"Назва, яку клієнт бачить у вікні підтвердження оплати Apple Pay.","Назва, яку клієнт бачить у вікні підтвердження оплати Apple Pay."
"Payment Mode","Режим оплати"
"Redirect to Portmone","Перенаправлення на Portmone"
"Payment form on the website (iframe)","Платіжна форма на сайті (фрейм)"
"Select how the payment form should be displayed.","Виберіть спосіб відображення платіжної форми."
"Redirect to Portmone: The customer is redirected to the Portmone payment page and returns to the website after payment. Google Pay and Apple Pay work without additional configuration.","Перенаправлення на сторінку Portmone: Клієнт переходить на сторінку оплати Portmone і повертається на сайт після оплати. Google Pay і Apple Pay працюють без додаткових налаштувань."
"Payment form on the website (iframe): Payment is processed in an iframe on the checkout page without redirecting to the Portmone website. To use Apple Pay, you need your own Apple Developer account, certificates, and domain verification. Instructions: <a href=""https://docs.portmone.com.ua/docs/en/PaymentGatewayEng#342-payment-in-an-embedded-frame-ifram"" target=""_blank"">Portmone documentation, section 3.4.2</a>.","Платіжна форма на сайті (фрейм): Оплата відбувається у фреймі на сторінці оформлення замовлення без переходу на сайт Portmone. Для роботи Apple Pay потрібен власний акаунт Apple Developer, сертифікати та верифікація домену. Інструкція: <a href=""https://docs.portmone.com.ua/docs/uk/PaymentGatewayUa/#342-%D0%BE%D0%BF%D0%BB%D0%B0%D1%82%D0%B0-%D1%83-%D0%B2%D0%B1%D1%83%D0%B4%D0%BE%D0%B2%D0%B0%D0%BD%D0%BE%D0%BC%D1%83-%D1%84%D1%80%D0%B5%D0%B9%D0%BC%D1%96-iframe"" target=""_blank"">документація Portmone, розділ 3.4.2</a>."
"Розтермінування","Розтермінування"
"Додає в оформлення замовлення окремий спосіб оплати в розстрочку.","Додає в оформлення замовлення окремий спосіб оплати в розстрочку."
"Назва способу оплати для розтермінування","Назва способу оплати для розтермінування"
"Назва, яку клієнт бачить у списку способів оплати.","Назва, яку клієнт бачить у списку способів оплати."
"Ідентифікатор компанії для розтермінування (payeeId)","Ідентифікатор компанії для розтермінування (payeeId)"
"Компанія, на яку надходять платежі в розтермінування. Може відрізнятись від основної компанії мерчанта. Отримується у Portmone.","Компанія, на яку надходять платежі в розтермінування. Може відрізнятись від основної компанії мерчанта. Отримується у Portmone."
"Логін компанії для розтермінування","Логін компанії для розтермінування"
"Використовується для формування підпису запиту та для отримання статусу оплати.","Використовується для формування підпису запиту та для отримання статусу оплати."
"Пароль компанії для розтермінування","Пароль компанії для розтермінування"
"Використовується для отримання статусу оплати.","Використовується для отримання статусу оплати."
"Ключ компанії для розтермінування","Ключ компанії для розтермінування"
"Використовується для формування підпису запиту. Отримується у Portmone.","Використовується для формування підпису запиту. Отримується у Portmone."
"Мінімальна сума замовлення","Мінімальна сума замовлення"
"Якщо сума замовлення менша за вказану, розтермінування не відображається. 0 означає без обмежень.","Якщо сума замовлення менша за вказану, розтермінування не відображається. 0 означає без обмежень."
"Це поле є обов’язковим, якщо увімкнено розтермінування.","Це поле є обов’язковим, якщо увімкнено розтермінування."
"Це поле має бути порожнім, якщо увімкнено розтермінування.","Це поле має бути порожнім, якщо увімкнено розтермінування."
"Це поле є обов’язковим, якщо увімкнено розтермінування.","Це поле є обов’язковим, якщо увімкнено розтермінування."
"Це поле має бути порожнім, якщо увімкнено розтермінування.","Це поле має бути порожнім, якщо увімкнено розтермінування."
"Оберіть банки, які будуть доступні клієнту на платіжній формі.","Оберіть банки, які будуть доступні клієнту на платіжній формі."
"Максимальна кількість місяців, доступна клієнту для цього банку.","Максимальна кількість місяців, доступна клієнту для цього банку."
"Банки-партнери","Банки-партнери"
"Стилізація платіжної кнопки","Стилізація платіжної кнопки"
"Дозволяє налаштувати зовнішній вигляд кнопки оплати. Якщо вимкнено, застосовується стиль теми магазину.","Дозволяє налаштувати зовнішній вигляд кнопки оплати. Якщо вимкнено, застосовується стиль теми магазину."
"Колір кнопки","Колір кнопки"
"Наприклад: #1976d2","Наприклад: #1976d2"
"Колір тексту","Колір тексту"
"Наприклад: #ffffff","Наприклад: #ffffff"
"Висота","Висота"
"Наприклад: 40px","Наприклад: 40px"
"Ширина","Ширина"
"Наприклад: 150px","Наприклад: 150px"
"Шрифт","Шрифт"
"Наприклад: Open Sans","Наприклад: Open Sans"
"Розмір шрифту","Розмір шрифту"
"Наприклад: 14px","Наприклад: 14px"
"Відступи","Відступи"
"Наприклад: 5px","Наприклад: 5px"
"Рамка","Рамка"
"Наприклад: 1px solid grey","Наприклад: 1px solid grey"
"Заокруглення кутів","Заокруглення кутів"
"Наприклад: 4px","Наприклад: 4px"
"Розщеплення платежу","Розщеплення платежу"
"Розподіляє суму замовлення між компаніями-отримувачами, вказаними в картках товарів.","Розподіляє суму замовлення між компаніями-отримувачами, вказаними в картках товарів."
"Основні налаштування","Основні налаштування"
"Спосіб відображення платіжної форми","Спосіб відображення платіжної форми"
"Опис платежу","Опис платежу"
"Опис платежу (призначення оплати). Максимальна кількість символів — 250. Якщо вказати %order_number, його буде замінено на реальний номер замовлення.","Опис платежу (призначення оплати). Максимальна кількість символів — 250. Якщо вказати %order_number, його буде замінено на реальний номер замовлення."
"Оплатити через Portmone","Оплатити через Portmone"
"Оплатити через Portmone (Розтермінування)","Оплатити через Portmone (Розтермінування)"
"Режим тестування","Режим тестування"
"У режимі тест у систему портмоне передається номер замовлення (shopOrderNumber) як конкотенація рядків номер замовлення у системі партнера, символ _ , позначка часу","У режимі тест у систему портмоне передається номер замовлення (shopOrderNumber) як конкотенація рядків номер замовлення у системі партнера, символ _ , позначка часу"
"Не вдалося підготувати оплату через Portmone.","Не вдалося підготувати оплату через Portmone."
"Не вдалося отримати дані для оплати через Portmone.","Не вдалося отримати дані для оплати через Portmone."
"Назва кнопки для оплати","Назва кнопки для оплати"
"Задає текст для кнопки дії на чекауті. Наприклад: ""Оформити"".","Задає текст для кнопки дії на чекауті. Наприклад: ""Оформити""."
"Оформити","Оформити"
"Назва кнопки для розтермінування","Назва кнопки для розтермінування"
"Задає текст для другої кнопки дії на чекауті. Наприклад: ""Оформити розтермінування"".","Задає текст для другої кнопки дії на чекауті. Наприклад: ""Оформити розтермінування""."
"Оформити розтермінування","Оформити розтермінування"
"Некорректный идентификатор заказа.","Некорректный идентификатор заказа."
"Некорректный тип платежа.","Некорректный тип платежа."
"Сума замовлення має бути більшою ""%1"".","Order amount must be greater than ""%1""."


